"UGBA 160","UGBA",-82.55813953488372,18.039215686274517,5.677966101694904
"LATIN 1","LATIN",-76.0,38.8888888888889,18.02134646962236
"ITALIAN 2","ITALIAN",-73.33333333333333,-0.7352941176470562,-4.442771084337358
"ENGIN 45","ENGIN",-72.5,30.257801899592934,1.9820083375996325
"CLASSIC 17B","CLASSIC",-70.58823529411765,85.45454545454544,15.238095238095223
"CLASSIC 28","CLASSIC",-70.05494505494505,1.2913604939345158,-5.3844362688026965
"THEATER 11","THEATER",-68.75,-22.758620689655178,-6.946688206785144
"ART 12","ART",-68.33333333333333,9.090909090909095,5.5408970976253284
"CIVENG 155","CIVENG",-68.0,48.8095238095238,9.661697247706421
"ISF 100B","ISF",-66.66666666666667,-21.05263157894737,0.7674144037780652
"ENGLISH 133T","ENGLISH",-66.66666666666667,68.75,-5.835962145110395
"UGBA 178","UGBA",-66.30434782608695,70.86999022482894,10.490392139813927
"ENVDES 11A","ENVDES",-66.26506024096386,-80.23809523809524,-22.96959960454771
"JAPAN 100B","JAPAN",-65.67164179104478,3.5748792270531293,1.159178037391666
"INDENG 180","INDENG",-64.51612903225806,-45.45454545454546,-8.467317806160795
"VISSTD 187A","VISSTD",-64.44444444444444,-27.67857142857143,-2.032674772036476
"MUSIC 50","MUSIC",-64.28571428571429,-12.499999999999995,-0.552712384851582
"HISTORY 103D","HISTORY",-64.28571428571429,1.818181818181826,3.703703703703703
"ANTHRO 162","ANTHRO",-64.28571428571429,-3.0769230769230838,2.355343771272977
"JAPAN 10B","JAPAN",-64.15094339622641,7.2874493927125625,1.9889423422129584
"SCANDIN 125","SCANDIN",-64.0,11.111111111111109,10.308864821500173
"LINGUIS 1B","LINGUIS",-64.0,-30.555555555555557,-3.9156191301834826
"CIVENG 165","CIVENG",-63.63636363636363,-6.603773584905654,0.30120481927713233
"CELTIC 128","CELTIC",-62.96296296296296,-32.49999999999999,-6.420454545454532
"VIETNMS 100B","VIETNMS",-62.5,-5.555555555555558,1.2424565140219992
"JAPAN 7B","JAPAN",-61.76470588235294,-16.971916971916972,-7.440293040293025
"JAPAN 132","JAPAN",-61.111111111111114,-11.836734693877554,-4.187366926898518
"KOREAN 100B","KOREAN",-60.0,-3.2258064516129044,-1.1931394481730309
"CELTIC 129","CELTIC",-58.333333333333336,-16.000000000000007,-7.530186608122948
"CHINESE 7B","CHINESE",-58.333333333333336,-22.85714285714286,-8.95080023710729
"FILM 151","FILM",-58.064516129032256,2.197802197802179,6.6492186314671535
"RELIGST 190","RELIGST",-56.962025316455694,-4.325259515570942,-2.6769026708736026
"MUSIC 74","MUSIC",-56.25,14.28571428571429,0.1647446457990256
"AMERSTD H195","AMERSTD",-56.25,5.494505494505489,8.081060795596697
"PORTUG 101B","PORTUG",-56.09756097560975,18.10699588477366,0.76876467469517
"UGBA 196","UGBA",-56.09756097560975,35.24305555555556,4.463887876210176
"ELENG 140","ELENG",-55.88235294117647,25.925925925925917,4.843205574912879
"THEATER 151B","THEATER",-55.55555555555556,31.250000000000014,8.79682179341655
"CIVENG 60","CIVENG",-55.55555555555556,-51.78571428571429,-15.584415584415595
"ENVDES 11B","ENVDES",-54.794520547945204,44.26877470355732,9.048228766538637
"LINGUIS 5","LINGUIS",-54.76190476190476,-51.293487957181085,-11.712828504639791
"FILM 108","FILM",-54.45544554455446,-5.35982008995502,-3.9362932202757723
"PSYCH 140","PSYCH",-54.435483870967744,-63.42182890855457,-6.025009473285351
"UGBA 152","UGBA",-54.21686746987952,-8.660287081339716,-2.22988465510299
"UGBA 119","UGBA",-54.0,58.8628762541806,19.474811538568563
"MESTU 150","MESTU",-53.125,-41.81818181818181,-9.337958947672748
"PORTUG 102","PORTUG",-52.17391304347826,34.41558441558442,7.800294350730215
"UGBA 126","UGBA",-52.054794520547944,41.29032258064516,3.372383985441315
"CIVENG 175","CIVENG",-51.851851851851855,-23.84615384615385,-2.869711795419984
"NESTUD 155","NESTUD",-51.724137931034484,79.52380952380952,8.92502130076685
"VIETNMS 1B","VIETNMS",-51.21951219512195,1.234567901234569,-0.4848203221809273
"ELENG 143","ELENG",-51.111111111111114,117.32954545454545,12.367720774800443
"LEGALST 190","LEGALST",-50.64935064935065,42.38975817923187,5.4303430470022995
"KOREAN 10BX","KOREAN",-50.0,1.639344262295076,-1.1632270168855587
"MUSIC 49B","MUSIC",-50.0,0.0,0.22421524663677048
"LDARCH 121","LDARCH",-50.0,-42.857142857142854,-23.63067292644757
"JAPAN 159","JAPAN",-50.0,84.61538461538463,11.33333333333332
"POLSCI 1","POLSCI",-49.107142857142854,7.553093259464447,1.6067160639370779
"EPS 39A","EPS",-48.93617021276596,20.95588235294117,-5.306469920544822
"UGBA 102A","UGBA",-48.78048780487805,-41.68212739641311,-5.2303247200971885
"NUSCTX 194","NUSCTX",-48.38709677419355,10.714285714285717,5.263157894736847
"AFRICAM 156AC","AFRICAM",-48.214285714285715,9.717868338557988,6.539833531510098
"CHICANO 159","CHICANO",-47.69230769230769,-46.47058823529412,-12.010503345243515
"ENGLISH 131","ENGLISH",-47.57281553398058,-15.776815776815774,-3.4609996250912554
"KOREAN 1BX","KOREAN",-46.666666666666664,-15.948275862068966,-6.607672742687568
"ELENG 105","ELENG",-46.478873239436616,-35.32388663967612,-2.399813606710166
"ENGLISH 143A","ENGLISH",-46.42857142857143,0.0,0.30603060306031393
"ART 8","ART",-45.833333333333336,2.7972027972027993,1.0187667560321823
"SLAVIC R5A","SLAVIC",-45.16129032258065,39.446366782006926,4.274582967515381
"PSYCH 2","PSYCH",-45.141065830721004,58.890756302521005,11.55733823282056
"MUSIC 49C","MUSIC",-44.44444444444444,-47.05882352941177,-7.481865284974103
"AMERSTD C112B","AMERSTD",-44.0,-67.53246753246754,-14.276807980049881
"PHYSICS 7C","PHYSICS",-43.975903614457835,17.80645161290322,7.712272895810151
"SASIAN R5B","SASIAN",-43.69747899159664,-9.079601990049762,-3.8887593283581987
"ENGLISH 45A","ENGLISH",-43.47826086956522,29.984301412872828,10.665328780203561
"ESPM 111","ESPM",-43.24324324324324,35.53113553113552,8.322038492816464
"PACS 190","PACS",-43.13725490196079,-25.74712643678161,-7.881773399014759
"ITALIAN 1","ITALIAN",-42.857142857142854,-12.500000000000005,-3.837876614060272
"PORTUG 101A","PORTUG",-42.5531914893617,5.687830687830696,-0.004464983367921235
"CLASSIC 36","CLASSIC",-42.42424242424242,-34.86842105263158,-7.784720999823971
"CLASSIC 10B","CLASSIC",-42.241379310344826,-6.562425965411041,-1.5432098765432163
"GREEK 2","GREEK",-42.10526315789474,72.72727272727273,15.793283149971028
"ETHSTD 101B","ETHSTD",-42.04545454545455,67.75599128540304,5.5437903927736905
"UGBA 170","UGBA",-41.86046511627907,33.38775510204081,2.3714945562520917
"HISTORY 7B","HISTORY",-41.82156133828996,17.294903262076822,2.684535911372962
"ENGLISH 117B","ENGLISH",-41.48936170212766,49.54545454545453,-3.4738411906139035
"ENGLISH R1B","ENGLISH",-41.31736526946108,12.244897959183664,1.1020444086805425
"CHEM 125","CHEM",-41.07142857142857,-46.66666666666667,-7.708665603402426
"HISTORY 103U","HISTORY",-40.0,-40.476190476190474,-9.197422378441708
"HIN-URD 100B","HIN-URD",-40.0,-6.250000000000005,-1.4146772767462512
"ART 117","ART",-40.0,-3.2258064516129044,-1.2810851544837725
"ANTHRO 170","ANTHRO",-39.62264150943396,1.9230769230769227,-0.7697296559257342
"AMERSTD 102","AMERSTD",-39.62264150943396,264.37499999999994,13.220658888126266
"ITALIAN 4","ITALIAN",-38.888888888888886,19.999999999999996,5.263157894736859
"NUSCTX 161B","NUSCTX",-38.70967741935484,-36.54970760233919,-3.0533221526167877
"MUSIC 61","MUSIC",-38.46153846153846,-81.94444444444444,-14.53287197231834
"SPANISH 107B","SPANISH",-38.46153846153846,94.99999999999999,10.769896193771624
"POLSCI 2","POLSCI",-38.321995464852606,13.999310661764712,4.227121174887862
"ISF 100A","ISF",-37.96296296296296,2.578018995929441,7.093715969508691
"UGBA 167","UGBA",-37.93103448275862,7.407407407407405,-1.5166501813386264
"UGBA 120B","UGBA",-37.77777777777778,83.67346938775509,17.978379470600128
"ITALIAN 3","ITALIAN",-37.5,82.85714285714288,4.47227191413238
"INTEGBI 132","INTEGBI",-37.46478873239437,-51.58690800892635,-19.37392873452781
"UGBA 101B","UGBA",-37.005649717514125,-24.356697866193162,-5.453510399331003
"MILSCI 101","MILSCI",-36.8421052631579,-1.0416666666666567,0.5985267034990752
"AFRICAM 117","AFRICAM",-36.666666666666664,26.31578947368421,2.5951976715983553
"SPANISH 135","SPANISH",-36.111111111111114,-7.178968655207284,-0.909090909090906
"IAS 102","IAS",-36.0,-33.03571428571429,-14.167600896861002
"CHINESE 110B","CHINESE",-36.0,-21.875000000000007,-11.863558352402748
"POLSCI 171","POLSCI",-36.0,10.294117647058828,-0.6864591593972974
"THEATER 25AC","THEATER",-35.714285714285715,121.05263157894738,22.719141323792453
"ENE,RES 102","ENE,RES",-35.55555555555556,45.052473763118456,6.671339438577936
"EPS 3","EPS",-34.95145631067961,12.736318407960201,-7.3250767439398805
"HISTORY 5","HISTORY",-33.59375,25.064805583250237,3.227500205102959
"UGBA 121","UGBA",-33.333333333333336,3.8461538461538427,1.81582360570687
"PUNJABI 1B","PUNJABI",-33.333333333333336,50.00000000000001,11.075949367088594
"ESPM 165","ESPM",-33.333333333333336,-38.63636363636363,-8.27937095282147
"HISTORY 4B","HISTORY",-33.333333333333336,-9.016393442622945,1.9527051236115902
"ESPM 181A","ESPM",-33.333333333333336,-6.24999999999999,0.5370569280343611
"ART 132","ART",-33.333333333333336,18.421052631578952,2.777777777777768
"HISTART 11","HISTART",-33.10344827586207,30.535792072019742,1.6860184349213776
"MATSCI 112","MATSCI",-32.758620689655174,2.564102564102555,-3.379233934789477
"SPANISH 104B","SPANISH",-32.432432432432435,-3.4782608695652177,0.32137285491419193
"CHEM 3B","CHEM",-32.25283630470016,-20.270317465861062,0.41275955917920415
"ETHSTD C126","ETHSTD",-32.0,-46.524064171123,-15.074309978768559
"SLAVIC R5B","SLAVIC",-31.914893617021278,21.331521739130437,3.402862362971985
"HISTORY 114B","HISTORY",-31.818181818181817,25.714285714285726,6.723404255319145
"JAPAN 102","JAPAN",-31.25,33.333333333333336,12.956592956592964
"NUCENG 150","NUCENG",-31.25,0.0,-13.520909946121613
"POLSCI 149E","POLSCI",-31.20567375886525,-38.37965038099507,-6.161673378168237
"FRENCH 4","FRENCH",-30.303030303030305,0.43478260869565577,3.060075929564827
"ENVDES 1","ENVDES",-29.807692307692307,-40.256296950950066,-4.969992569588654
"MECENG 106","MECENG",-29.72972972972973,-28.846153846153843,0.04180602006688948
"ASAMST 176","ASAMST",-29.72972972972973,54.16666666666666,12.393813345831614
"AMERSTD 10","AMERSTD",-29.347826086956523,33.88773388773388,5.110595266682679
"ART 14","ART",-29.26829268292683,41.379310344827594,6.697658814789982
"ECON C175","ECON",-29.09090909090909,-10.822021116138755,-3.403271791181103
"PACS 100","PACS",-28.78787878787879,265.1063829787234,19.60663038099953
"PSYCH 130","PSYCH",-28.64864864864865,51.36363636363637,10.3344022317448
"AFRICAM R1A","AFRICAM",-28.0,-30.555555555555564,-4.735479097299317
"POLSCI 143C","POLSCI",-28.0,95.4732510288066,13.742199869609735
"MUSIC 20B","MUSIC",-27.77777777777778,1.538461538461533,0.4405286343612319
"SOCIOL 133","SOCIOL",-27.45098039215686,23.578751164958074,-1.6200638679024995
"GEOG 170","GEOG",-27.272727272727273,-1.7857142857142843,-2.07816377171216
"ART 102","ART",-27.083333333333332,45.45454545454545,9.028960817717214
"ENGLISH 45C","ENGLISH",-26.857142857142858,56.89036885245901,6.4627049903015505
"ASAMST R2B","ASAMST",-26.666666666666668,22.257053291536053,3.5741650516067827
"CHEM 3AL","CHEM",-26.59090909090909,-4.660927096144866,1.7808331270385553
"RELIGST C166","RELIGST",-26.31578947368421,0.3105590062111732,-8.282111064010172
"CIVENG 93","CIVENG",-26.229508196721312,146.46464646464645,18.490366851411938
"ELENG 117","ELENG",-26.08695652173913,-18.8235294117647,-3.2027037901343953
"SOCIOL 5","SOCIOL",-26.046511627906977,40.854297693920344,3.4154815037718134
"NUCENG 104","NUCENG",-25.925925925925927,-1.8181818181818072,-1.4864864864864893
"ENGLISH R1A","ENGLISH",-25.433526011560694,-3.716954879745578,-2.588065373166949
"FILM 25A","FILM",-24.390243902439025,-6.92951015531661,-3.0531139991587
"PHYSICS 141B","PHYSICS",-23.529411764705884,30.76923076923077,0.7966566540420502
"MATH H113","MATH",-23.076923076923077,30.000000000000004,10.90123456790125
"AFRICAM 5B","AFRICAM",-23.076923076923077,38.125,9.81132075471699
"ETHSTD 100","ETHSTD",-22.857142857142858,3.7037037037037037,2.6068376068375976
"INTEGBI C143B","INTEGBI",-21.428571428571427,44.628099173553736,9.614894159653144
"CHINESE 100B","CHINESE",-21.05263157894737,-32.94117647058824,-5.521978021978029
"EDUC 140AC","EDUC",-20.77922077922078,5.573770491803269,1.5191541544900438
"THEATER 125","THEATER",-20.689655172413794,51.304347826086946,7.202311006658833
"SPANISH 25","SPANISH",-20.535714285714285,17.103620474406974,2.7287319422150853
"ECON 162","ECON",-20.12578616352201,32.28346456692914,4.560287237933902
"MUSIC 141","MUSIC",-20.0,0.0,-0.31249999999999334
"ECON C125","ECON",-20.0,131.25000000000003,22.831561275881356
"INDENG 161","INDENG",-20.0,-39.65517241379311,-21.082427536231876
"GEOG C112","GEOG",-20.0,37.5,-9.269323671497583
"JAPAN 1B","JAPAN",-19.014084507042252,10.74854325414612,4.804846871771523
"MUSIC 60","MUSIC",-18.181818181818183,2.923976608187121,3.602007676409806
"THAI 1B","THAI",-18.181818181818183,-33.333333333333336,-8.333333333333337
"ENGLISH 43B","ENGLISH",-18.181818181818183,-18.518518518518526,-4.649330181245073
"INTEGBI 140","INTEGBI",-18.05157593123209,-35.52233792408465,-11.790426184365556
"THEATER 60","THEATER",-17.94871794871795,48.369565217391305,8.432249817384964
"ARABIC 20B","ARABIC",-17.94871794871795,17.361111111111114,1.0940775681341786
"AMERSTD C172","AMERSTD",-17.77777777777778,-39.189189189189186,-0.09966582634697498
"ITALIAN R5B","ITALIAN",-17.741935483870968,-43.45645234838122,-5.428144810135634
"HIN-URD 1B","HIN-URD",-17.647058823529413,12.433862433862446,-1.3510520487264626
"BIOENG 116","BIOENG",-17.54385964912281,-4.711246200607896,-1.6975892287909293
"STAT 2","STAT",-16.972477064220183,42.792048755482156,6.772425794376344
"CHINESE 112","CHINESE",-16.666666666666668,11.999999999999998,2.6008968609865475
"FILM 25B","FILM",-16.363636363636363,-1.7857142857142756,-6.118169182374604
"ELENG 122","ELENG",-16.216216216216218,-28.387096774193548,-26.384762308998305
"ANTHRO 1","ANTHRO",-16.129032258064516,-50.81730769230769,-11.89288637139858
"AFRICAM R1B","AFRICAM",-16.071428571428573,5.400981996726671,8.516571537064983
"ENGLISH 143B","ENGLISH",-15.384615384615385,-18.181818181818176,-0.41651575516116884
"GERMAN 100","GERMAN",-15.384615384615385,-3.305785123966935,0.01862891207153173
"ASAMST R2A","ASAMST",-15.254237288135593,38.22857142857143,2.364156339370829
"THEATER 180","THEATER",-14.814814814814815,0.0,0.2785515320334252
"INTEGBI C100","INTEGBI",-14.285714285714286,-57.57575757575758,-10.594059405940605
"MUSIC 157B","MUSIC",-14.285714285714286,-10.256410256410255,-3.586497890295346
"RHETOR 103B","RHETOR",-14.084507042253522,-59.105006645990244,-6.228947976554787
"PSYCH 1","PSYCH",-14.066496163682864,-1.3190476190476241,-1.5727878628430796
"CHEM 3A","CHEM",-14.015572858731923,8.488926647487018,14.45124013926672
"ELENG 126","ELENG",-13.513513513513514,15.624999999999995,5.8388914443422255
"PHYSICS 8A","PHYSICS",-12.982456140350877,-11.1379407351838,1.1392448583503914
"THEATER 119","THEATER",-12.5,71.42857142857144,16.361416361416346
"PHYSICS 110B","PHYSICS",-12.195121951219512,-18.65079365079365,4.214273886405023
"SOCIOL 3AC","SOCIOL",-12.162162162162161,65.94524119947847,8.755751801069003
"ANTHRO 189","ANTHRO",-12.0,13.636363636363631,-3.8154108494085173
"LEGALST 160","LEGALST",-11.607142857142858,94.58585858585859,17.346286914226784
"UGBA 122","UGBA",-11.320754716981131,12.765957446808523,5.89295141040648
"ASAMST 171","ASAMST",-11.290322580645162,-30.78149920255183,-10.193158193158196
"GEOG 20","GEOG",-11.25,3.4780109226789304,-1.8291827780337744
"SOCIOL 190","SOCIOL",-11.214953271028037,-8.392982456140347,-1.3747216338058696
"ANTHRO 115","ANTHRO",-11.11111111111111,-0.20161290322580736,-2.6614238410596003
"INTEGBI 132L","INTEGBI",-10.880829015544041,-23.076641801959923,-1.830663802601849
"AMERSTD 191","AMERSTD",-10.416666666666666,-23.623011015911874,-8.062327453090653
"FRENCH 102","FRENCH",-10.416666666666666,2.059800664451831,0.29318510460472
"THEATER 10","THEATER",-10.204081632653061,-1.2913223140495877,-0.8774067755300861
"UGBA 103","UGBA",-9.157509157509157,-54.42521060201356,-7.258196375450969
"LDARCH 112","LDARCH",-9.090909090909092,10.000000000000004,1.5492957746478795
"MATH 121A","MATH",-9.090909090909092,-57.22222222222223,-15.202531645569621
"SPANISH 102C","SPANISH",-9.090909090909092,83.33333333333336,10.279898218829528
"PLANTBI 160","PLANTBI",-8.928571428571429,-26.79738562091504,-8.009572487960554
"PACS 151","PACS",-8.88888888888889,126.82926829268294,12.248837560639869
"ART 118","ART",-8.333333333333334,15.151515151515154,0.7945516458569961
"MUSIC 179","MUSIC",-8.333333333333334,-10.743801652892554,-2.0311575626109155
"ENGLISH 45B","ENGLISH",-7.741935483870968,47.1028971028971,5.585564345347608
"PORTUG 135","PORTUG",-7.6923076923076925,29.999999999999993,6.776180698151964
"AFRICAM 122","AFRICAM",-7.317073170731708,65.43859649122807,8.493676697691878
"ANTHRO 128M","ANTHRO",-6.666666666666667,-3.5714285714285587,-1.3605442176870648
"PORTUG 103","PORTUG",-6.25,35.75757575757576,2.2980659840728177
"SOCWEL 110","SOCWEL",-6.25,-29.999999999999996,-8.482731858750494
"ECON 141","ECON",-6.0,-24.01215805471125,-10.07742486130587
"CHEM 112B","CHEM",-5.925925925925926,-35.386753126447424,-5.590049651436886
"ART 138","ART",-5.882352941176471,54.54545454545453,8.660858995137767
"CHEM 130B","CHEM",-5.882352941176471,-11.45833333333334,4.00240384615385
"SPANISH 3","SPANISH",-5.813953488372093,54.12186379928317,7.526591558164122
"FILM 50","FILM",-5.714285714285714,-0.5681818181818136,-0.8879092706794544
"MATH 16A","MATH",-5.592105263157895,87.53641400582624,17.853326876002313
"DEMOG C175","DEMOG",-5.454545454545454,28.036437246963555,2.462096808830482
"KOREAN 7B","KOREAN",-5.128205128205129,-11.064189189189188,-4.619757064499181
"ENGLISH 118","ENGLISH",-4.838709677419355,87.65133171912834,15.739968921408208
"ASTRON C161","ASTRON",-4.3478260869565215,-44.24242424242424,-8.983957219251302
"MATSCI 103","MATSCI",-4.25531914893617,-15.138888888888895,4.592278052999913
"NATAMST 20B","NATAMST",-4.166666666666667,10.485933503836316,4.347826086956526
"PHYSICS 139","PHYSICS",-3.8461538461538463,-51.05882352941177,-16.914917127071828
"ESPM 102D","ESPM",-3.3333333333333335,0.7957559681697542,-2.8082911452860864
"PHYSICS 7A","PHYSICS",-3.079710144927536,-6.888534305903807,0.42608190310094946
"ARCH 140","ARCH",-2.962962962962963,-14.868901427149023,-2.391082399875015
"EDUC 114A","EDUC",-2.857142857142857,-28.388746803069054,-5.1651143099068735
"LINGUIS 115","LINGUIS",-2.6315789473684212,-40.54054054054054,-6.923025420135254
"SOCIOL 160","SOCIOL",-2.608695652173913,-20.138888888888893,0.3740648379052468
"PHILOS 25B","PHILOS",-2.4539877300613497,-15.253668763102722,-3.1837747389071986
"PSYCH 150","PSYCH",-2.395209580838323,-4.030441873107095,0.2900063069778195
"ESPM 144","ESPM",-2.127659574468085,-2.470355731225304,1.2554958475818194
"UGBA 132","UGBA",-2.0408163265306123,-1.8429487179487172,2.3330784913353364
"UGBA 131","UGBA",-1.8518518518518519,19.353099730458233,2.6625802126233107
"HISTORY 162B","HISTORY",-1.7094017094017093,-21.464530892448508,-4.172946371685321
"COMLIT R1A","COMLIT",0.0,-49.056603773584904,-4.692806421735138
"PERSIAN 100B","PERSIAN",0.0,0.0,-0.46874999999999556
"SPANISH 21","SPANISH",0.0,69.99999999999999,12.331081081081075
"INDENG 165","INDENG",0.0,-9.677419354838714,-0.4419889502762543
"PHILOS 12A","PHILOS",0.0,-3.3898305084745637,-0.7592534008225453
"THEATER 111","THEATER",0.0,-7.692307692307701,-1.2797074954296115
"FRENCH 13","FRENCH",0.0,14.28571428571429,2.5380710659898202
"THEATER 173B","THEATER",0.0,-44.444444444444436,-14.864864864864861
"INDENG 171","INDENG",0.0,80.64516129032256,18.650371944739664
"MUSIC 150C","MUSIC",0.0,-5.000000000000004,-2.392947103274564
"SPANISH 22","SPANISH",0.0,224.99999999999997,14.365671641791037
"AFRICAM 126","AFRICAM",0.0,-27.272727272727273,-8.600770218228488
"ART 120","ART",0.0,-12.500000000000004,-0.7633587786259515
"ECON 1","ECON",0.5925925925925926,7.845762484937749,0.9030744036862074
"ENGIN 120","ENGIN",0.7936507936507936,33.36775526010068,8.783022280983213
"COLWRIT R1A","COLWRIT",1.1428571428571428,19.151093727364906,4.358512389341161
"SPANISH 4","SPANISH",1.2820512820512822,28.087581252138225,0.1409633922341783
"PSYCH 101","PSYCH",1.9867549668874172,17.66233766233766,7.17412554719706
"SOCWEL 112","SOCWEL",2.2222222222222223,36.95652173913045,5.237154150197608
"MECENG 104","MECENG",2.3255813953488373,7.836990595611283,3.635079609655875
"GERMAN 2","GERMAN",3.225806451612903,2.8061224489795964,-0.4222972972972853
"BIOENG 115","BIOENG",3.3333333333333335,0.23041474654377145,-0.42314667252843974
"LINGUIS 120","LINGUIS",3.5294117647058822,-39.39393939393939,-12.884781357882627
"EDUC 190","EDUC",3.6036036036036037,-22.074192261667328,-8.023545392800552
"INDENG 170","INDENG",4.0,17.52136752136751,3.089900210319062
"MUSIC 144","MUSIC",4.166666666666667,20.615384615384617,3.5816993464052524
"L&S 70A","L&S",4.225352112676056,-17.063673843334865,-8.120164774439852
"UGBA C172","UGBA",4.761904761904762,-44.93006993006993,-10.242343863033511
"ENVDES C169B","ENVDES",5.2631578947368425,10.833333333333345,3.103168155970752
"HISTORY 143","HISTORY",5.2631578947368425,141.15384615384613,20.412500000000037
"MECENG 109","MECENG",5.333333333333333,22.85927029039464,8.691611368241064
"NUSCTX 10","NUSCTX",5.617977528089888,25.785390582994083,5.645473404856277
"COLWRIT R4B","COLWRIT",5.732484076433121,32.40963855421687,6.871822652873387
"ESPM 112","ESPM",5.882352941176471,88.8888888888889,16.699669966996698
"FRENCH R1A","FRENCH",6.25,7.563025210084041,-0.16835875720625976
"FRENCH 1","FRENCH",6.422018348623853,-11.561866125760641,-1.7749609218180173
"NUSCTX 104","NUSCTX",6.593406593406593,-20.618556701030926,-2.900582132752275
"FILM 180A","FILM",6.666666666666667,17.187499999999993,4.222074468085105
"NATAMST R1B","NATAMST",6.896551724137931,-23.46041055718474,-9.251938803222792
"ENVDES 100","ENVDES",7.086614173228346,22.634656272147428,3.5884085309516327
"NUCENG 162","NUCENG",7.142857142857143,33.33333333333333,2.231237322515218
"UGBA 102B","UGBA",7.172995780590718,-43.232751500468034,-5.31209526756753
"NUSCTX 135","NUSCTX",7.407407407407407,19.70443349753694,3.203427871862879
"CHEM 1B","CHEM",7.563025210084033,-7.031249999999999,5.050591960352438
"EPS 100B","EPS",7.6923076923076925,-7.142857142857146,-8.250937606546211
"L&S 160B","L&S",7.920792079207921,-21.679772826561816,-1.4265388092662015
"INTEGBI 183L","INTEGBI",8.108108108108109,-65.92105263157895,-30.67984189723319
"CHEM 105","CHEM",8.823529411764707,-21.23552123552123,-2.983702038522483
"ELENG 120","ELENG",8.974358974358974,-10.473457675753233,-3.3903490474203717
"THEATER 175B","THEATER",9.090909090909092,37.49999999999999,6.188118811881195
"LATIN 100","LATIN",9.090909090909092,-8.33333333333334,-5.233494363929154
"BIOENG 121L","BIOENG",9.090909090909092,22.222222222222214,4.287439613526564
"PHILOS 100","PHILOS",9.090909090909092,110.83333333333336,12.571892973243296
"THEATER 110B","THEATER",9.67741935483871,3.752535496957409,0.489388506638226
"MATH 172","MATH",10.0,-24.242424242424242,-4.904306220095688
"CLASSIC 130","CLASSIC",10.0,-9.090909090909088,-9.881422924901196
"FILM 140","FILM",10.666666666666666,35.54216867469878,4.220335288522494
"PHILOS 135","PHILOS",10.714285714285714,-54.83870967741936,-9.372275501307758
"UGBA 10","UGBA",11.031175059952039,12.580993520518351,1.535959540819148
"NATAMST 110","NATAMST",11.11111111111111,-5.000000000000004,-2.719665271966529
"SPANISH 1","SPANISH",11.39240506329114,29.18514412416851,4.993112947658396
"PLANTBI C148","PLANTBI",11.428571428571429,19.658119658119677,5.100781571369805
"CHEM 1A","CHEM",11.447811447811448,5.257959563095506,-8.071885401358786
"CHINESE 155","CHINESE",11.764705882352942,19.29824561403508,7.655502392344493
"ECON 100B","ECON",12.087912087912088,0.22996853062213707,0.6169986003569786
"MATH 160","MATH",12.5,155.5555555555556,38.94017094017092
"SCANDIN R5B","SCANDIN",12.857142857142858,-6.075949367088607,-1.2607796661455422
"CHEM 135","CHEM",12.903225806451612,-7.738095238095234,0.007849293563569977
"HISTORY 101","HISTORY",13.20754716981132,13.17708333333334,7.6483495516123
"LINGUIS 1A","LINGUIS",13.333333333333334,-11.764705882352937,0.5917159763313614
"PHYSICS 8B","PHYSICS",13.417721518987342,-23.304488747553822,-3.860342628430669
"SLAVIC 50","SLAVIC",13.793103448275861,-22.261072261072258,-3.4604635870458775
"ASTRON 7B","ASTRON",13.88888888888889,-22.525107604017215,-10.012730616121408
"FRENCH 2","FRENCH",14.141414141414142,-0.6207898560295839,1.1732500984817256
"INTEGBI 138","INTEGBI",14.285714285714286,-22.222222222222225,-2.5000000000000044
"INTEGBI 152","INTEGBI",14.634146341463415,-20.696324951644105,-2.7590597973152375
"NUSCTX C114","NUSCTX",14.705882352941176,-22.50712250712251,-3.9827297559256563
"ECON 101B","ECON",15.0,-5.797101449275366,-2.326147850444525
"COMLIT R1B","COMLIT",15.141955835962145,-54.87241471931238,-10.268795362778368
"ESPM 50AC","ESPM",15.2046783625731,10.09038009161818,3.5919991191931997
"SOCIOL 1","SOCIOL",15.294117647058824,119.3148688046647,6.9529672789782095
"CYPLAN 118AC","CYPLAN",15.476190476190476,-18.814432989690715,-5.0036747909342205
"ESPM 113","ESPM",15.625,17.37451737451737,5.999689938504464
"HISTORY 6B","HISTORY",16.0,-21.875000000000004,-4.961902610338669
"GWS 101","GWS",17.24137931034483,9.66386554621848,1.3023977919613756
"MECENG 122","MECENG",17.307692307692307,-40.09747452370404,-14.349663402957217
"AMERSTD 101","AMERSTD",17.307692307692307,50.43394406943104,11.79790378930396
"DEVSTD C100","DEVSTD",17.77777777777778,13.207547169811317,-2.1238266805726873
"ENGLISH H195B","ENGLISH",17.857142857142858,-1.010101010101002,-2.6945353815159794
"UGBA 106","UGBA",18.012422360248447,15.76723498888066,1.4420165474147262
"PHYSICS 7B","PHYSICS",18.15286624203822,6.853099730458232,-1.499841792665891
"CHINESE 1B","CHINESE",18.181818181818183,31.900452488687783,1.4266729205753554
"PHYSICS 137B","PHYSICS",18.571428571428573,-9.8462816784379,-2.512419345628967
"CHEM 4B","CHEM",19.41176470588235,-38.85370240050043,-5.304571120353634
"CHMENG 160","CHMENG",19.607843137254903,-35.9016393442623,-9.0807799442897
"LINGUIS C105","LINGUIS",20.0,6.770833333333334,1.5381619937694697
"COLWRIT 151","COLWRIT",20.0,-16.666666666666675,-9.288194444444462
"EPS 130","EPS",20.0,-7.4074074074073994,-12.555344718532565
"CHEM 120A","CHEM",20.0,25.000000000000004,-5.650371227461179
"HISTART R1B","HISTART",20.149253731343283,-14.740190880169672,-3.885604846877706
"MATH 104","MATH",20.17543859649123,-4.180491041804916,-6.233044129040937
"MATH 1B","MATH",20.31602708803612,42.83112869913444,5.750823977634529
"ART 13","ART",20.58823529411765,3.658536585365853,1.5599281759688701
"MATH 53","MATH",21.374045801526716,-12.946481547407139,-2.25943965793318
"CHEM 104B","CHEM",21.428571428571427,9.80392156862745,10.759836128932564
"COGSCI C101","COGSCI",21.568627450980394,30.645161290322587,-1.6719839300484602
"PHYSICS 141A","PHYSICS",21.875,-61.13360323886639,-18.478569401078644
"GERMAN 3","GERMAN",22.22222222222222,-22.72727272727273,-8.66537717601545
"PACS 127","PACS",22.22222222222222,-5.263157894736836,-4.323363932484449
"RHETOR R1A","RHETOR",22.727272727272727,77.5132275132275,11.676015435413959
"SPANISH 2","SPANISH",23.170731707317074,23.81188118811881,2.919990084428194
"UGBA 105","UGBA",23.316062176165804,18.259803921568626,6.586512155882775
"ELENG 192","ELENG",23.80952380952381,5.000000000000006,1.8540161495962664
"ECON 140","ECON",24.175824175824175,79.46902654867255,25.11452368558041
"ESPM 114","ESPM",24.8,8.243364822312193,2.8721949079271574
"ECON 183","ECON",25.0,-25.714285714285705,-2.284122562674115
"S,SEASN R5B","S,SEASN",25.0,-9.677419354838717,0.16763378465505996
"SLAVIC 46","SLAVIC",25.0,75.99999999999999,11.999999999999998
"PSYCH C116","PSYCH",25.396825396825395,15.632911392405074,3.774229707193047
"LDARCH 136","LDARCH",25.714285714285715,0.7575757575757643,-0.31720321252614414
"MUSIC 20A","MUSIC",25.806451612903224,13.931623931623921,4.508948007607518
"GERMAN R5B","GERMAN",26.19047619047619,-12.729878194411269,-5.040833568009
"SPANISH 102A","SPANISH",26.470588235294116,48.837209302325576,4.198428974964212
"ESPM 134","ESPM",26.666666666666668,-11.184210526315793,-0.34885484604883626
"LATAMST 150","LATAMST",26.923076923076923,12.554112554112562,-0.30159414045670113
"FILM 160","FILM",27.272727272727273,28.57142857142858,0.9255533199195226
"CIVENG 120","CIVENG",27.586206896551722,-4.204204204204202,0.3858954495897258
"COLWRIT 10A","COLWRIT",27.586206896551722,7.77027027027027,-0.6922453788938808
"NESTUD 15","NESTUD",27.77777777777778,265.2173913043479,12.324053800437905
"PBHLTH 144A","PBHLTH",28.26086956521739,0.0,0.050734713818637776
"CLASSIC 163","CLASSIC",30.0,36.75213675213676,3.78328951880217
"RHETOR R1B","RHETOR",30.252100840336134,25.859333685880493,0.9319173327389066
"HISTORY 171C","HISTORY",30.612244897959183,18.033854166666668,2.4213576158940207
"PUBPOL 101","PUBPOL",30.88235294117647,59.176029962546814,9.719153973807433
"RHETOR 20","RHETOR",31.16883116883117,104.88861386138613,8.546078544625287
"MATH 1A","MATH",31.451612903225808,4.962335947813938,-2.490677847755957
"CHEM 3BL","CHEM",31.5625,17.599605611078754,7.390458083103661
"ASIANST 150","ASIANST",31.57894736842105,21.60000000000001,8.730831973898857
"MATSCI 104","MATSCI",32.25806451612903,-39.51219512195122,-10.362745829293146
"THEATER 121","THEATER",33.333333333333336,13.99999999999999,7.799634034766698
"ENGLISH 141","ENGLISH",34.883720930232556,-21.501014198782954,-3.414490605518956
"CHICANO 180","CHICANO",35.294117647058826,-10.018903591682419,-0.6584362139917672
"ECON 100A","ECON",35.44303797468354,23.299065420560744,5.017236870496258
"SOCWEL 116","SOCWEL",35.55555555555556,-17.008196721311467,-5.515201975251927
"ASTRON 121","ASTRON",35.714285714285715,0.4784688995215346,-2.1230374247062245
"NAVSCI 12B","NAVSCI",35.714285714285715,600.0000000000001,29.11793372319688
"L&S 70B","L&S",35.8974358974359,-46.0377358490566,-10.429585751874244
"IAS 45","IAS",36.2962962962963,-57.44565217391304,-5.38722170978156
"MATH 113","MATH",36.69724770642202,53.388179259579985,10.343287421368936
"NATAMST 72","NATAMST",37.5,53.535353535353536,12.1097770154374
"GWS 10","GWS",38.23529411764706,-20.658888126286886,-3.5087430162994035
"LGBT C148","LGBT",38.46153846153846,-14.646464646464647,2.1450952036635513
"PHYSICS 112","PHYSICS",38.59649122807018,-10.531645569620252,-1.5144295510576147
"FRENCH 118A","FRENCH",38.888888888888886,17.00000000000001,-3.1483870967741905
"HISTORY 124B","HISTORY",39.285714285714285,-44.61538461538462,-11.114799140689096
"ARCH 100B","ARCH",40.0,-44.8051948051948,-4.562939381880897
"UGIS 112","UGIS",40.0,0.0,-1.0456034265558014
"GEOG C160B","GEOG",40.0,-1.7857142857142931,-5.648792468276694
"ISF 190","ISF",40.27777777777778,35.89108910891089,11.444652908067516
"MECENG 132","MECENG",40.816326530612244,-43.188405797101446,-0.8421867095200046
"NESTUD 126","NESTUD",41.1764705882353,6.250000000000005,-0.2145085803432071
"EDUC 195B","EDUC",41.1764705882353,13.333333333333337,5.426356589147291
"GEOG 130","GEOG",41.28440366972477,-19.286853497379813,-8.893847737495934
"ENVECON 162","ENVECON",41.935483870967744,-51.79425837320574,-16.318857722203447
"STAT 131A","STAT",42.708333333333336,0.7299270072992692,-5.386881561497108
"EPS 103","EPS",42.857142857142854,10.000000000000009,5.9292035398230185
"POLSCI 138F","POLSCI",43.39622641509434,29.14230019493178,1.2102615224061832
"INTEGBI 24","INTEGBI",43.47826086956522,18.89483065953655,4.46045824094606
"POLSCI 112A","POLSCI",44.285714285714285,-20.792079207920796,-1.8485663595261421
"NUSCTX 190","NUSCTX",44.44444444444444,19.999999999999996,4.512820512820521
"PBHLTH 150E","PBHLTH",44.91525423728814,-2.98187713508194,-0.4644824015736676
"PBHLTH 150A","PBHLTH",45.1219512195122,-14.409553295002203,-1.6023358495940887
"ARCH 160","ARCH",45.283018867924525,113.37662337662337,14.554143586401667
"COMLIT 100","COMLIT",46.666666666666664,-11.363636363636354,-0.8379888268156247
"LDARCH 130","LDARCH",46.808510638297875,-10.476190476190476,-2.0983060638496447
"CHINESE 10B","CHINESE",47.22222222222222,-11.402789171452007,1.859644359983699
"CHMENG 150A","CHMENG",48.19277108433735,-9.049133969600572,-13.837616005223147
"UGBA 155","UGBA",48.275862068965516,76.38640429338102,2.0343057931480915
"ASAMST 20B","ASAMST",48.57142857142857,-10.916289592760178,-5.06891951978658
"CELTIC R1B","CELTIC",50.0,-14.285714285714292,-10.631229235880403
"KOREAN 112","KOREAN",50.0,33.333333333333336,11.583924349881794
"ENVECON 142","ENVECON",50.0,-65.98639455782312,-12.608426270136299
"KOREAN 102","KOREAN",50.0,12.820512820512816,3.23997803404723
"UGBA 96","UGBA",50.666666666666664,39.729855612482524,9.749280116447084
"COMPSCI 164","COMPSCI",50.76923076923077,35.02186588921281,9.884752687728271
"MATSCI 111","MATSCI",51.42857142857143,20.068610634648383,1.9854482673572837
"CHICANO 20","CHICANO",51.724137931034484,238.96103896103895,10.807568066451315
"MATH 54","MATH",52.18045112781955,25.69227410607592,-0.6346398691328149
"NUCENG 155","NUCENG",53.84615384615385,-35.0,0.5373831775700861
"CHMENG 154","CHMENG",54.166666666666664,-24.89331436699857,-3.755569700827502
"INTEGBI 151L","INTEGBI",54.54545454545455,61.76470588235294,10.202205882352963
"SEASIAN 10B","SEASIAN",54.54545454545455,-20.361990950226247,-5.461648260836901
"PHYSICS 111","PHYSICS",55.670103092783506,-16.075624866481522,-1.1806224446158702
"SLAVIC 1","SLAVIC",56.25,8.800000000000008,5.117967332123412
"MATH 16B","MATH",56.2992125984252,-19.377993913891764,-7.751805296998511
"PACS 119","PACS",57.5,2.4065540194572366,0.8049349281576704
"MECENG 135","MECENG",57.77777777777778,1.4084507042253438,-0.42451168266465683
"STAT 150","STAT",58.064516129032256,140.40816326530611,3.7551020408163316
"INDENG 166","INDENG",58.8235294117647,-10.526315789473692,3.1018518518518583
"NUSCTX 11","NUSCTX",59.63302752293578,81.9076038903625,14.812285826283784
"MATH 185","MATH",59.79381443298969,20.34739454094293,2.255515387467579
"THEATER R1B","THEATER",60.78431372549019,-5.070603337612331,-0.6541019955654088
"STAT 134","STAT",61.07382550335571,-7.4836601307189605,-1.9007479636591476
"CYPLAN 120","CYPLAN",61.29032258064516,-32.608695652173914,-1.0285714285714167
"COMPSCI 184","COMPSCI",62.264150943396224,26.679586563307495,-3.2384264290371663
"STAT 153","STAT",63.013698630136986,2.7935498523733835,0.4383475994522221
"ESPM 60","ESPM",63.333333333333336,94.80519480519483,7.545257635673554
"ENVECON C101","ENVECON",63.63636363636363,93.96135265700482,31.243063263041062
"ESPM 72","ESPM",64.28571428571429,8.21256038647342,-1.1764705882352777
"INTEGBI 151","INTEGBI",64.51612903225806,528.1045751633986,20.077819310555917
"ESPM 102C","ESPM",65.0,-5.723905723905724,-5.7437407952872075
"STAT 155","STAT",68.29268292682927,-37.99621928166352,-13.374710573707231
"ENGLISH 117S","ENGLISH",68.96551724137932,11.791383219954644,-0.4201030357972077
"ENGLISH 165","ENGLISH",69.56521739130434,8.87573964497043,-1.8279669666883047
"CIVENG 180","CIVENG",70.0,25.49019607843137,2.5098039215686185
"PHYSICS 137A","PHYSICS",70.49180327868852,-20.230769230769234,-2.7753846153846276
"POLSCI 161","POLSCI",73.07692307692308,-50.88888888888889,-17.398720682302773
"CHMENG 162","CHMENG",75.47169811320755,-14.516129032258064,-7.8255341861120575
"MATH 32","MATH",75.67567567567568,-3.668639053254438,-4.346294730910111
"GWS 104","GWS",76.0,27.00534759358288,4.655224029537975
"SASIAN C142","SASIAN",77.77777777777777,44.0,4.464285714285701
"NUSCTX 170","NUSCTX",80.0,-10.052910052910052,-2.1080829256929854
"INDENG 131","INDENG",80.0,74.07407407407409,17.283950617283942
"COMPSCI 61C","COMPSCI",82.23350253807106,-30.317902462749263,5.7522228286428225
"SPANISH 100","SPANISH",84.61538461538461,152.77777777777777,43.90277777777779
"MUSIC 148","MUSIC",89.88764044943821,1.1363636363636391,1.0914806347498753
"CHEM C150","CHEM",90.9090909090909,-32.6530612244898,-8.532753202803947
"GWS 20","GWS",91.66666666666667,4.347826086956526,1.7838509316770272
"MUSIC 25A","MUSIC",92.0,19.48529411764705,0.19949220166848242
"GERMAN 4","GERMAN",92.3076923076923,-17.66666666666667,-7.731707317073167
"MUSIC 140","MUSIC",92.6829268292683,2.4667315806556336,-1.1114349404897912
"PBHLTH 144B","PBHLTH",94.73684210526316,0.0,0.0
"UGBA 195A","UGBA",96.7741935483871,-31.50392017106201,-3.243684732512684
"INTEGBI 119","INTEGBI",100.0,-33.33333333333334,-4.261954261954247
"FRENCH 3","FRENCH",102.85714285714286,-14.188836724047993,-0.2023188856898489
"EPS 50","EPS",104.54545454545455,19.999999999999996,4.333491837058168
"MATH 128A","MATH",105.33333333333333,1.2987012987013047,8.455560611894859
"STAT 20","STAT",112.6984126984127,-40.796019900497505,-11.336715511969723
"NUSCTX 121","NUSCTX",114.28571428571429,23.52941176470588,5.793450881612107
"ENGLISH 166","ENGLISH",117.3913043478261,-38.1875,-4.056320400500625
"CYPLAN 116","CYPLAN",117.6470588235294,42.43243243243243,5.114278265403684
"PSYCH 131","PSYCH",117.85714285714286,-15.113406692117675,-6.583125911938887
"LINGUIS 100","LINGUIS",118.18181818181819,-8.333333333333325,-2.7562684365781998
"THEATER 126","THEATER",119.04761904761905,1.8394648829431441,-1.1870709382151003
"COMPSCI 160","COMPSCI",121.42857142857143,105.73476702508962,2.028549962434267
"COMPSCI 174","COMPSCI",122.22222222222223,-37.85714285714287,-2.5501672240802784
"ECON 101A","ECON",123.07692307692308,-3.1724137931034533,-0.0025096621994475142
"GEOG 183","GEOG",125.0,-7.4074074074074066,-0.6094702297233847
"BIOENG 104","BIOENG",125.80645161290323,-32.095238095238095,-10.992258972554538
"MATSCI 125","MATSCI",133.33333333333334,88.57142857142856,18.480725623582757
"ELENG 123","ELENG",133.33333333333334,-33.76623376623377,-9.11330049261085
"ASAMST 175","ASAMST",137.5,14.285714285714286,6.312292358803981
"PHYSICS 110A","PHYSICS",141.02564102564102,-35.460992907801426,-7.286342565077865
"AFRICAM 159","AFRICAM",141.66666666666666,-17.241379310344826,5.47226386806599
"SOCWEL 107","SOCWEL",144.44444444444446,309.09090909090907,19.462880074085515
"GERMAN 1","GERMAN",156.0,-41.40625,-13.33896982310095
"EPS 102","EPS",165.3846153846154,5.507246376811611,-0.8002520478890863
"FILM R1B","FILM",166.21621621621622,-16.525662718556127,0.20897020209856954
"ISF 189","ISF",168.42105263157896,-41.78921568627451,-8.308457711442781
"ECON 151","ECON",173.07692307692307,51.97183098591552,5.253561516580043
"MECENG 118","MECENG",173.33333333333334,-6.504065040650394,8.225329115215827
"PHYSICS 105","PHYSICS",176.59574468085106,6.051282051282052,2.3201908873991313
"FRENCH R1B","FRENCH",183.33333333333334,76.47058823529412,14.58501208702658
"KOREAN 1B","KOREAN",192.85714285714286,-0.18761726078799096,0.05672149744752564
"INTEGBI 115","INTEGBI",192.85714285714286,-31.70731707317073,-3.368652538984399
"CHMENG 185","CHMENG",200.0,-7.843137254901951,-1.7491749174917306
"ELENG 40","ELENG",209.32203389830508,-11.521268925739,-0.277969868609886
"SOCIOL 116","SOCIOL",214.28571428571428,-38.13131313131313,-1.921274601686986
"GWS 100AC","GWS",215.78947368421052,43.55555555555555,4.881433575855568
"PUBPOL 190","PUBPOL",250.0,-13.39285714285715,-3.6021556206864025
"ECON 131","ECON",257.57575757575756,-16.10169491525423,-3.2502204369550345
"MATH 55","MATH",265.45454545454544,55.058043117744624,18.24236376258246
"COMPSCI 61A","COMPSCI",269.4581280788177,7.0174358974359015,20.320919014978386
"PLANTBI 40","PLANTBI",274.2857142857143,-16.878710771840552,-4.697773438878375
"MALAY/I 100B","MALAY/I",281.8181818181818,10.000000000000004,4.3264336613505305
"MATH 110","MATH",285.88235294117646,71.03658536585368,12.640949381169271
"COMPSCI 186","COMPSCI",325.64102564102564,-12.505193186539264,1.6539931583118688
"POLSCI 111AC","POLSCI",330.4347826086956,85.85858585858585,4.150943396226411
"ENGIN 177","ENGIN",356.5217391304348,-22.490842490842486,-0.9703746545851691
"STAT 135","STAT",391.1764705882353,5.868263473053893,17.751730581390394
"STAT 133","STAT",433.3333333333333,-11.29807692307692,-6.951402805611236
"COMPSCI 170","COMPSCI",443.01075268817203,-15.40222772277229,9.183682802460407
"COMPSCI 61B","COMPSCI",482.5806451612903,-28.765227021040975,-2.380569891413458
"COMPSCI 169","COMPSCI",518.918918918919,-40.94262912212016,-15.956756209011655
"COMPSCI 70","COMPSCI",608.8235294117648,-27.290137248643465,-2.693839861253356
"COMPSCI 188","COMPSCI",652.0,-26.861702127659576,7.332397534876145
"MUSIC 139","MUSIC",891.6666666666666,-15.294117647058822,-4.779180394624817
"COMPSCI 162","COMPSCI",896.551724137931,-6.678200692041531,6.848630032021039
